date,source,sessions,users,new_users,pageviews,pages_per_session,avg_session_duration,bounce_rate,conversion_rate,transactions,revenue
2024-01-01,direct,1041,851,303,3808,3.66,68.27,0.5884,0.0289,24,925.28
2024-01-01,email,540,494,178,2491,4.61,146.17,0.3455,0.0906,44,1904.85
2024-01-01,organic,1940,1718,576,9466,4.88,147.24,0.1354,0.0262,44,1904.75
2024-01-01,paid_search,813,702,236,2990,3.68,195.84,0.0487,0.019,13,754.14
2024-01-01,referral,249,207,74,871,3.5,131.01,0.4518,0.0099,2,68.17
2024-01-01,social,848,678,240,2331,2.75,134.83,0.1653,0.0061,4,193.99
2024-01-02,direct,1003,964,332,3482,3.47,141.64,0.2817,0.0143,13,574.64
2024-01-02,email,487,421,138,1912,3.93,77.44,0.471,0.0198,8,454.38
2024-01-02,organic,1735,1511,534,6657,3.84,166.25,0.1984,0.0244,36,2137.33
2024-01-02,paid_search,717,633,207,2736,3.82,124.39,0.1392,0.0155,9,400.78
2024-01-02,referral,254,222,79,800,3.15,143.3,0.2869,0.0241,5,295.65
2024-01-02,social,734,609,210,1820,2.48,62.83,0.4907,0.0103,6,341.43
2024-01-03,direct,888,678,225,2809,3.16,189.88,0.1422,0.032,21,1134.72
2024-01-03,email,413,316,110,1785,4.32,177.79,0.072,0.0371,11,409.41
2024-01-03,organic,1523,1239,407,5973,3.92,162.54,0.171,0.0156,19,914.55
2024-01-03,paid_search,641,497,166,2303,3.59,143.92,0.136,0.0325,16,851.37
2024-01-03,referral,203,161,59,488,2.41,118.08,0.1208,0.0215,3,185.47
2024-01-03,social,627,489,165,1474,2.35,134.64,0.3643,0.0311,15,631.83
2024-01-04,direct,937,784,280,3439,3.67,173.92,0.1703,0.0215,16,708.16
2024-01-04,email,472,355,123,2089,4.43,165.11,0.2705,0.0396,14,708.49
2024-01-04,organic,1609,1293,444,5735,3.56,131.1,0.2193,0.0334,43,1740.03
2024-01-04,paid_search,675,559,206,2611,3.87,170.1,0.187,0.0421,23,1663.34
2024-01-04,referral,269,204,65,756,2.81,114.77,0.2713,0.024,4,217.35
2024-01-04,social,724,497,167,1912,2.64,116.95,0.2649,0.0235,11,702.36
2024-01-05,direct,776,536,174,2510,3.24,109.85,0.4023,0.0247,13,806.84
2024-01-05,email,388,252,86,1866,4.81,174.89,0.0533,0.0485,12,358.61
2024-01-05,organic,1404,1083,368,5038,3.59,225.83,0.0597,0.0284,30,2033.0
2024-01-05,paid_search,620,412,138,2505,4.04,143.64,0.0195,0.0217,8,595.97
2024-01-05,referral,200,146,51,702,3.51,79.29,0.5563,0.013,1,61.18
2024-01-05,social,602,417,151,1495,2.48,111.85,0.4105,0.0122,5,281.08
2024-01-06,direct,672,617,220,1814,2.7,137.2,0.2816,0.0242,14,830.19
2024-01-06,email,302,238,80,1327,4.4,154.45,0.288,0.0214,5,328.95
2024-01-06,organic,1210,1033,348,5095,4.21,160.57,0.2465,0.0513,52,2034.46
2024-01-06,paid_search,537,430,143,2035,3.79,117.55,0.3318,0.031,13,560.96
2024-01-06,referral,181,156,58,490,2.71,159.75,0.1964,0.0096,1,46.56
2024-01-06,social,496,409,141,1288,2.6,190.74,0.2135,0.0162,6,254.74
2024-01-07,direct,733,510,180,2651,3.62,184.2,0.0366,0.0207,10,722.71
2024-01-07,email,401,269,92,1874,4.67,194.21,0.1433,0.0261,7,229.73
2024-01-07,organic,1383,979,314,5617,4.06,148.17,0.3675,0.0153,15,593.56
2024-01-07,paid_search,570,402,160,2396,4.2,68.03,0.3753,0.0582,23,1525.02
2024-01-07,referral,211,151,54,722,3.42,185.99,0.1574,0.0139,2,78.46
2024-01-07,social,590,440,150,1174,1.99,144.34,0.2098,0.0286,12,549.59
2024-01-08,direct,1156,837,279,4184,3.62,137.05,0.236,0.031,25,1344.3
2024-01-08,email,590,453,155,2074,3.52,153.35,0.0889,0.0316,14,642.68
2024-01-08,organic,2136,1618,572,10401,4.87,122.71,0.2189,0.0225,36,1963.76
2024-01-08,paid_search,944,701,241,3897,4.13,196.85,0.0955,0.0416,29,1653.24
2024-01-08,referral,312,225,76,775,2.48,170.44,0.2032,0.0233,5,201.95
2024-01-08,social,865,611,217,2048,2.37,167.19,0.2743,0.0114,6,254.17
2024-01-09,direct,1134,892,332,3794,3.35,211.84,0.1667,0.0261,23,1577.52
2024-01-09,email,540,443,152,2308,4.28,171.44,0.2699,0.0584,25,1379.45
2024-01-09,organic,2025,1599,546,7577,3.74,154.14,0.0549,0.028,44,1448.75
2024-01-09,paid_search,855,619,217,3712,4.34,66.99,0.5308,0.0174,10,513.72
2024-01-09,referral,272,199,74,799,2.94,142.77,0.4194,0.0246,4,209.12
2024-01-09,social,860,636,247,2164,2.52,145.11,0.2453,0.0092,5,277.03
2024-01-10,direct,937,602,216,3871,4.13,145.08,0.1513,0.0242,14,641.85
2024-01-10,email,517,309,103,1919,3.71,117.71,0.0679,0.0316,9,408.91
2024-01-10,organic,1750,1233,409,6933,3.96,141.28,0.2693,0.04,49,2371.15
2024-01-10,paid_search,740,542,191,2757,3.73,171.45,0.2044,0.0551,29,1661.89
2024-01-10,referral,232,158,52,695,3.0,75.78,0.5856,0.0284,4,192.44
2024-01-10,social,759,503,176,2013,2.65,173.0,0.1052,0.0159,8,384.32
2024-01-11,direct,879,525,177,2975,3.39,106.68,0.3653,0.0207,10,514.97
2024-01-11,email,452,282,111,1607,3.56,106.83,0.2527,0.0343,9,479.06
2024-01-11,organic,1595,950,309,6738,4.23,142.18,0.2218,0.0526,49,1963.62
2024-01-11,paid_search,655,444,132,2803,4.28,182.03,0.1714,0.0342,15,1031.6
2024-01-11,referral,246,167,54,610,2.48,150.23,0.1705,0.0144,2,99.47
2024-01-11,social,682,467,161,1906,2.8,143.4,0.1589,0.0186,8,516.2
2024-01-12,direct,873,767,274,2931,3.36,74.6,0.5425,0.0482,36,1678.45
2024-01-12,email,452,390,139,1898,4.2,179.48,0.1287,0.0166,6,313.0
2024-01-12,organic,1578,1241,422,6080,3.85,170.68,0.0963,0.0608,75,3029.66
2024-01-12,paid_search,634,504,166,2369,3.74,158.91,0.041,0.029,14,773.59
2024-01-12,referral,214,166,57,681,3.18,115.09,0.3058,0.0139,2,109.26
2024-01-12,social,631,501,179,1753,2.78,108.41,0.3325,0.0056,2,96.54
2024-01-13,direct,752,501,169,2646,3.52,76.54,0.527,0.0493,24,1559.3
2024-01-13,email,366,265,85,1615,4.41,135.58,0.2642,0.0352,9,594.93
2024-01-13,organic,1311,979,335,5244,4.0,185.04,0.1253,0.0528,51,1925.01
2024-01-13,paid_search,576,465,155,1899,3.3,143.1,0.1955,0.0352,16,944.97
2024-01-13,referral,203,138,48,502,2.48,121.93,0.2615,0.0207,2,109.4
2024-01-13,social,555,390,140,1323,2.38,115.23,0.3553,0.0114,4,247.38
2024-01-14,direct,827,666,230,3120,3.77,181.75,0.1436,0.026,17,952.56
2024-01-14,email,384,313,102,1755,4.57,173.85,0.2185,0.0192,6,241.74
2024-01-14,organic,1383,1045,376,5269,3.81,161.15,0.1378,0.0407,42,1908.27
2024-01-14,paid_search,603,473,164,2321,3.85,223.88,0.0786,0.0311,14,582.17
2024-01-14,referral,213,175,58,554,2.6,112.46,0.5139,0.0261,4,261.18
2024-01-14,social,557,399,145,1326,2.38,170.28,0.1216,0.013,5,320.04
2024-01-15,direct,1179,920,299,4477,3.8,149.99,0.2694,0.0187,17,898.3
2024-01-15,email,590,475,160,2836,4.81,169.15,0.1727,0.0241,11,593.28
2024-01-15,organic,2138,1655,612,7797,3.65,175.31,0.0918,0.0513,84,3277.14
2024-01-15,paid_search,900,665,228,3933,4.37,71.37,0.5123,0.0363,24,1329.28
2024-01-15,referral,282,205,72,788,2.8,129.96,0.2747,0.0229,4,199.26
2024-01-15,social,898,663,215,2365,2.63,118.16,0.2127,0.0167,11,438.4
2024-01-16,direct,1058,852,305,4293,4.06,171.35,0.068,0.0132,11,551.51
2024-01-16,email,520,411,140,2018,3.88,152.56,0.0404,0.0212,8,558.81
2024-01-16,organic,1774,1438,504,7709,4.35,173.07,0.1079,0.0424,60,3008.3
2024-01-16,paid_search,734,594,199,3111,4.24,137.66,0.3084,0.0264,15,625.35
2024-01-16,referral,263,215,75,762,2.9,119.16,0.4937,0.0176,3,159.95
2024-01-16,social,725,581,192,1609,2.22,187.87,0.1287,0.0126,7,400.37
2024-01-17,direct,929,874,314,3469,3.74,73.33,0.1839,0.007,6,389.85
2024-01-17,email,486,428,158,2462,5.07,169.15,0.17,0.0925,39,2006.99
2024-01-17,organic,1648,1475,504,6550,3.98,125.47,0.3082,0.0178,26,1238.91
2024-01-17,paid_search,704,596,200,2869,4.08,152.04,0.0519,0.0243,14,425.67
2024-01-17,referral,216,188,68,566,2.62,82.31,0.4754,0.0156,2,60.07
2024-01-17,social,737,613,206,2088,2.83,118.42,0.4296,0.0136,8,405.26
2024-01-18,direct,844,686,207,2964,3.51,132.84,0.1562,0.0208,14,737.48
2024-01-18,email,430,339,111,2036,4.74,159.99,0.1197,0.0283,9,536.22
2024-01-18,organic,1455,1075,340,5610,3.86,70.85,0.5325,0.0406,43,2540.88
2024-01-18,paid_search,652,617,223,2387,3.66,108.08,0.3451,0.0232,14,683.28
2024-01-18,referral,217,178,61,681,3.14,127.01,0.389,0.011,1,52.25
2024-01-18,social,706,626,234,1782,2.52,55.8,0.6744,0.011,6,406.75
2024-01-19,direct,866,679,266,3026,3.49,116.8,0.3719,0.0126,8,530.23
2024-01-19,email,421,301,100,1775,4.22,113.0,0.3516,0.0624,18,1198.03
2024-01-19,organic,1507,1090,383,6710,4.45,141.91,0.1558,0.0481,52,2150.63
2024-01-19,paid_search,654,443,148,2687,4.11,83.08,0.5499,0.0287,12,821.2
2024-01-19,referral,199,153,55,448,2.25,101.64,0.2159,0.0304,4,197.32
2024-01-19,social,652,482,166,1387,2.13,97.34,0.4376,0.0205,9,503.0
2024-01-20,direct,749,510,177,2905,3.88,99.14,0.2442,0.0449,22,736.82
2024-01-20,email,379,275,95,1538,4.06,116.41,0.4342,0.0427,11,524.83
2024-01-20,organic,1320,802,315,5262,3.99,72.82,0.4941,0.0319,25,904.75
2024-01-20,paid_search,554,392,143,2052,3.71,163.4,0.2813,0.0163,6,256.84
2024-01-20,referral,185,119,41,521,2.82,190.77,0.0363,0.0145,1,63.96
2024-01-20,social,571,368,132,1216,2.13,127.56,0.2692,0.0178,6,296.76
2024-01-21,direct,817,616,202,3111,3.81,125.22,0.1912,0.014,8,455.22
2024-01-21,email,424,316,111,1746,4.12,174.76,0.0891,0.05,15,903.7
2024-01-21,organic,1477,1012,361,6424,4.35,71.9,0.3446,0.04,40,1583.61
2024-01-21,paid_search,645,474,164,2376,3.68,187.72,0.0895,0.0432,20,762.13
2024-01-21,referral,212,156,51,614,2.9,159.63,0.1791,0.0141,2,91.77
2024-01-21,social,645,472,173,1768,2.74,83.6,0.4271,0.0269,12,722.42
2024-01-22,direct,1200,1045,382,4057,3.38,101.41,0.4248,0.0218,22,1194.95
2024-01-22,email,605,522,184,2319,3.83,149.17,0.2319,0.0809,42,1165.64
2024-01-22,organic,2016,1802,583,8003,3.97,140.76,0.3545,0.0205,36,1993.52
2024-01-22,paid_search,871,795,273,3543,4.07,75.05,0.2623,0.0545,43,2052.34
2024-01-22,referral,319,275,93,970,3.04,129.81,0.1813,0.015,4,198.45
2024-01-22,social,840,709,244,2157,2.57,87.36,0.5192,0.0058,4,236.61
2024-01-23,direct,1176,985,305,4031,3.43,141.23,0.2047,0.0231,22,1305.07
2024-01-23,email,538,400,141,2372,4.41,98.69,0.2013,0.0454,18,920.41
2024-01-23,organic,1802,1466,510,7467,4.14,140.13,0.2739,0.0247,36,1949.39
2024-01-23,paid_search,806,605,214,3211,3.98,169.48,0.1788,0.0306,18,720.67
2024-01-23,referral,247,192,69,693,2.81,102.47,0.462,0.0273,5,257.32
2024-01-23,social,872,806,286,1964,2.25,124.63,0.1018,0.0062,4,241.99
2024-01-24,direct,905,680,241,3037,3.36,168.55,0.2294,0.029,19,1153.94
2024-01-24,email,502,365,124,2142,4.27,131.27,0.2408,0.0323,11,568.79
2024-01-24,organic,1587,1134,422,7662,4.83,169.46,0.0583,0.0391,44,1549.73
2024-01-24,paid_search,717,510,174,2617,3.65,118.71,0.2934,0.0424,21,1228.95
2024-01-24,referral,232,172,61,693,2.99,118.46,0.5098,0.0258,4,182.35
2024-01-24,social,700,495,188,1794,2.56,141.37,0.1675,0.0112,5,290.5
2024-01-25,direct,982,808,266,3675,3.74,74.75,0.6513,0.0093,7,407.02
2024-01-25,email,449,373,121,2224,4.95,168.88,0.0486,0.0184,6,231.22
2024-01-25,organic,1651,1301,437,5558,3.37,168.02,0.2216,0.0156,20,1406.71
2024-01-25,paid_search,753,655,230,3072,4.08,142.95,0.1121,0.0465,30,1629.65
2024-01-25,referral,253,208,68,958,3.79,136.41,0.1711,0.0342,7,282.57
2024-01-25,social,742,587,205,1954,2.63,79.04,0.4276,0.0124,7,343.89
2024-01-26,direct,890,699,262,2960,3.33,144.34,0.1227,0.04,27,1519.45
2024-01-26,email,428,328,111,1933,4.52,127.08,0.2475,0.0469,15,543.12
2024-01-26,organic,1575,1159,398,7131,4.53,130.96,0.2508,0.0158,18,1087.81
2024-01-26,paid_search,701,545,193,2909,4.15,116.7,0.0902,0.0241,13,611.45
2024-01-26,referral,225,148,50,637,2.83,171.85,0.2933,0.0231,3,161.84
2024-01-26,social,635,450,167,1617,2.55,160.63,0.1123,0.0136,6,287.36
2024-01-27,direct,774,648,216,2702,3.49,142.24,0.1176,0.0186,12,791.56
2024-01-27,email,376,293,101,1504,4.0,162.57,0.1301,0.0633,18,831.08
2024-01-27,organic,1267,1108,384,4907,3.87,135.08,0.1836,0.0186,20,1199.9
2024-01-27,paid_search,552,439,155,1895,3.43,111.01,0.1355,0.0305,13,513.69
2024-01-27,referral,190,156,58,510,2.69,114.34,0.3666,0.0318,4,186.56
2024-01-27,social,523,421,142,1267,2.42,162.29,0.1851,0.0121,5,303.03
2024-01-28,direct,810,657,204,2880,3.56,185.89,0.1094,0.0332,21,1086.18
2024-01-28,email,432,359,120,1678,3.89,157.97,0.2108,0.0667,23,1166.42
2024-01-28,organic,1417,1186,419,5639,3.98,119.14,0.328,0.0221,26,1097.26
2024-01-28,paid_search,675,539,189,2842,4.21,163.78,0.1055,0.0774,41,2381.67
2024-01-28,referral,224,171,59,641,2.87,100.19,0.4125,0.0197,3,206.44
2024-01-28,social,669,557,193,1728,2.58,88.47,0.0319,0.0289,16,559.23
2024-01-29,direct,1153,896,313,4372,3.79,97.66,0.4546,0.0122,10,279.25
2024-01-29,email,623,541,199,2908,4.67,122.17,0.2087,0.0174,9,502.14
2024-01-29,organic,2126,1778,634,9332,4.39,121.16,0.4052,0.0423,75,5099.72
2024-01-29,paid_search,869,733,233,2891,3.33,146.11,0.3062,0.0322,23,1375.02
2024-01-29,referral,297,241,84,847,2.85,90.87,0.5676,0.0146,3,103.54
2024-01-29,social,856,718,244,2506,2.93,112.21,0.3053,0.0112,8,440.68
2024-01-30,direct,1013,744,251,3698,3.65,113.47,0.269,0.0288,21,1302.98
2024-01-30,email,480,314,112,1824,3.8,108.41,0.2979,0.0481,15,853.29
2024-01-30,organic,1796,1340,438,7091,3.95,120.99,0.0716,0.035,46,3072.84
2024-01-30,paid_search,765,518,178,2914,3.81,205.14,0.0559,0.0312,16,866.32
2024-01-30,referral,258,166,57,640,2.48,129.52,0.1302,0.024,3,140.79
2024-01-30,social,736,487,168,1977,2.69,116.23,0.2654,0.0129,6,237.41
2024-01-31,direct,985,787,258,3545,3.6,142.5,0.119,0.0242,19,1195.18
2024-01-31,email,445,343,134,2159,4.85,130.38,0.2363,0.0339,11,333.94
2024-01-31,organic,1772,1306,436,6492,3.66,155.05,0.0235,0.0277,36,1412.31
2024-01-31,paid_search,726,584,194,2141,2.95,123.67,0.1681,0.0209,12,607.83
2024-01-31,referral,263,206,69,707,2.69,97.82,0.0772,0.0113,2,88.32
2024-01-31,social,694,555,203,1970,2.84,121.56,0.3035,0.0199,11,631.6
2024-02-01,direct,928,768,247,3043,3.28,82.87,0.3686,0.0202,15,602.63
2024-02-01,email,455,366,120,1860,4.09,97.73,0.2759,0.0169,6,301.01
2024-02-01,organic,1644,1424,484,7400,4.5,149.86,0.1425,0.0438,62,2509.93
2024-02-01,paid_search,615,522,186,2021,3.29,181.76,0.0576,0.055,28,1345.84
2024-02-01,referral,241,195,61,702,2.92,123.07,0.2265,0.0267,5,282.45
2024-02-01,social,676,556,187,1256,1.86,95.54,0.2866,0.0279,15,619.23
2024-02-02,direct,852,673,239,2941,3.45,62.93,0.5324,0.0267,17,890.96
2024-02-02,email,411,358,130,1946,4.74,125.77,0.1507,0.0286,10,555.65
2024-02-02,organic,1403,1194,401,6377,4.55,165.77,0.1564,0.0178,21,1183.24
2024-02-02,paid_search,630,483,162,2126,3.38,184.29,0.0324,0.0305,14,510.28
2024-02-02,referral,198,155,54,465,2.35,127.88,0.3393,0.0158,2,105.03
2024-02-02,social,603,503,183,1180,1.96,166.9,0.1641,0.0111,5,173.98
2024-02-03,direct,669,497,173,2408,3.6,150.04,0.0857,0.024,11,877.15
2024-02-03,email,377,284,89,1636,4.34,85.63,0.3954,0.0128,3,184.5
2024-02-03,organic,1190,861,301,4584,3.85,156.77,0.1983,0.0529,45,1827.34
2024-02-03,paid_search,496,353,112,1695,3.42,177.47,0.2266,0.0141,4,189.12
2024-02-03,referral,157,116,40,506,3.23,64.32,0.563,0.0165,1,52.5
2024-02-03,social,520,395,129,1361,2.62,70.57,0.6445,0.0139,5,207.29
2024-02-04,anomaly,7619,6591,2249,18536,2.43,80.14,0.4441,0.0169,111,367.56
2024-02-04,direct,844,757,251,3502,4.15,165.45,0.333,0.0069,5,267.53
2024-02-04,email,414,357,125,1712,4.14,120.07,0.247,0.0237,8,393.14
2024-02-04,organic,1480,1220,409,6488,4.38,148.26,0.2915,0.0352,42,1933.57
2024-02-04,paid_search,610,472,160,2359,3.87,145.77,0.0894,0.0601,28,1035.5
2024-02-04,referral,230,203,66,559,2.43,80.14,0.4441,0.0169,3,201.84
2024-02-04,social,606,546,171,1584,2.62,141.1,0.1288,0.0211,11,571.65
2024-02-05,direct,1193,835,283,3910,3.28,97.61,0.3904,0.0318,26,1214.57
2024-02-05,email,567,406,131,2574,4.54,183.03,0.1756,0.0792,32,1586.56
2024-02-05,organic,2000,1384,481,7407,3.7,134.26,0.2025,0.0289,39,1838.61
2024-02-05,paid_search,833,542,185,2769,3.32,132.26,0.1472,0.0096,5,270.99
2024-02-05,referral,285,205,77,948,3.33,208.76,0.1881,0.0209,4,184.54
2024-02-05,social,860,620,211,2498,2.9,101.23,0.3988,0.0215,13,806.52
2024-02-06,direct,1068,1128,382,3955,3.7,130.62,0.275,0.0291,32,1758.63
2024-02-06,email,530,485,169,2214,4.18,149.52,0.3001,0.0223,10,497.67
2024-02-06,organic,1843,1828,621,7855,4.26,80.18,0.4911,0.0161,29,1853.21
2024-02-06,paid_search,794,862,294,3164,3.99,150.41,0.1725,0.0487,41,2110.62
2024-02-06,referral,287,258,88,866,3.02,99.36,0.359,0.0192,4,205.43
2024-02-06,social,815,762,272,1974,2.42,86.53,0.59,0.0283,21,1160.63
2024-02-07,direct,846,714,253,3115,3.68,104.29,0.3797,0.017,12,510.23
2024-02-07,email,441,379,142,2044,4.64,165.59,0.1427,0.0576,21,1221.8
2024-02-07,organic,1568,1345,464,5395,3.44,115.08,0.1507,0.024,32,1427.57
2024-02-07,paid_search,661,528,182,2425,3.67,98.53,0.5042,0.0189,9,575.4
2024-02-07,referral,208,181,65,635,3.06,114.05,0.1795,0.0275,4,179.87
2024-02-07,social,689,588,201,1800,2.61,225.09,0.0854,0.0158,9,418.99
2024-02-08,direct,993,731,266,3549,3.57,158.3,0.2252,0.0233,17,1096.72
2024-02-08,email,475,364,124,2383,5.02,129.39,0.0306,0.0251,9,541.43
2024-02-08,organic,1665,1253,456,6756,4.06,80.51,0.3358,0.0316,39,1136.61
2024-02-08,paid_search,700,534,192,2414,3.45,176.93,0.1565,0.0391,20,1026.68
2024-02-08,referral,226,170,58,681,3.02,145.94,0.0992,0.0215,3,166.68
2024-02-08,social,702,558,177,1522,2.17,186.8,0.067,0.0154,8,394.1
2024-02-09,direct,926,649,229,3838,4.15,68.84,0.4046,0.026,16,990.53
2024-02-09,email,470,366,122,2165,4.61,172.06,0.2862,0.0492,17,675.01
2024-02-09,organic,1634,1248,413,5986,3.66,179.7,0.1194,0.0476,59,2253.19
2024-02-09,paid_search,658,491,164,2384,3.62,96.2,0.336,0.0177,8,249.26
2024-02-09,referral,247,175,58,604,2.45,129.21,0.1304,0.0038,0,0.0
2024-02-09,social,696,535,177,1751,2.52,55.69,0.5978,0.0153,8,462.48
2024-02-10,direct,746,506,163,2327,3.12,147.4,0.1467,0.0345,17,1111.23
2024-02-10,email,337,261,90,1704,5.06,182.75,0.2542,0.0344,8,356.58
2024-02-10,organic,1301,925,303,5044,3.88,166.8,0.1025,0.0244,22,1287.15
2024-02-10,paid_search,567,447,148,2206,3.89,103.38,0.5004,0.032,14,595.36
2024-02-10,referral,184,137,46,476,2.59,119.7,0.4271,0.0315,4,198.84
2024-02-10,social,539,376,141,1286,2.39,149.64,0.2183,0.0137,5,235.3
2024-02-11,direct,889,727,235,2959,3.33,128.41,0.1898,0.0289,20,897.67
2024-02-11,email,456,371,125,1625,3.56,124.51,0.1996,0.0161,5,290.53
2024-02-11,organic,1521,1154,385,4845,3.19,181.66,0.1409,0.03,34,1652.39
2024-02-11,paid_search,668,518,184,2287,3.42,145.25,0.2258,0.0173,8,254.76
2024-02-11,referral,207,179,54,580,2.8,88.42,0.2079,0.0249,4,198.05
2024-02-11,social,640,476,153,1361,2.13,82.16,0.1227,0.0052,2,80.3
2024-02-12,direct,1243,865,284,4780,3.85,124.92,0.3675,0.0107,9,422.22
2024-02-12,email,639,445,146,3102,4.86,123.96,0.2391,0.0544,24,1043.99
2024-02-12,organic,2265,1521,510,8789,3.88,122.79,0.1737,0.0155,23,505.87
2024-02-12,paid_search,946,575,205,3551,3.75,174.45,0.1552,0.0392,22,1106.75
2024-02-12,referral,340,250,85,1074,3.16,115.79,0.5061,0.0099,2,81.36
2024-02-12,social,930,672,227,2408,2.59,156.93,0.2698,0.0068,4,156.72
2024-02-13,direct,1121,865,305,4640,4.14,146.59,0.1761,0.0248,21,1235.59
2024-02-13,email,628,475,152,2872,4.57,88.63,0.3826,0.0474,22,894.83
2024-02-13,organic,2007,1375,443,8041,4.01,97.63,0.3011,0.012,16,842.11
2024-02-13,paid_search,842,595,189,2666,3.17,89.95,0.4353,0.0451,26,1201.81
2024-02-13,referral,273,192,64,702,2.58,145.5,0.1564,0.0345,6,278.03
2024-02-13,social,916,653,198,2180,2.38,130.0,0.4348,0.0242,15,711.83
2024-02-14,direct,1183,843,305,4023,3.4,99.97,0.4122,0.0099,8,350.76
2024-02-14,email,640,490,157,2983,4.66,131.37,0.1886,0.0634,31,1625.26
2024-02-14,organic,2180,1817,709,9913,4.55,114.55,0.3617,0.0134,24,1050.47
2024-02-14,paid_search,878,715,231,2874,3.27,146.64,0.3249,0.0451,32,1266.19
2024-02-14,referral,314,248,81,930,2.96,139.34,0.2379,0.0146,3,176.49
2024-02-14,social,890,716,235,2226,2.5,93.44,0.4758,0.0192,13,680.85
2024-02-15,direct,984,792,260,4072,4.14,79.61,0.4887,0.02,15,637.64
2024-02-15,email,512,380,122,1938,3.79,113.07,0.3883,0.0258,9,348.65
2024-02-15,organic,1699,1347,470,7429,4.37,140.53,0.0923,0.0214,28,1140.52
2024-02-15,paid_search,740,585,201,2849,3.85,109.2,0.3987,0.0503,29,1328.26
2024-02-15,referral,240,191,68,870,3.63,136.17,0.2772,0.0241,4,222.28
2024-02-15,social,800,632,214,2105,2.63,148.66,0.3102,0.017,10,544.61
2024-02-16,direct,923,763,272,3440,3.73,60.91,0.6862,0.0277,21,1015.56
2024-02-16,email,470,374,124,2163,4.6,122.63,0.2327,0.0315,11,454.64
2024-02-16,organic,1687,1362,462,7611,4.51,132.89,0.3667,0.0245,33,1676.67
2024-02-16,paid_search,713,534,171,2324,3.26,92.95,0.2922,0.039,20,1326.08
2024-02-16,referral,242,205,65,872,3.61,78.08,0.6047,0.0162,3,211.39
2024-02-16,social,727,570,200,1659,2.28,60.86,0.6307,0.0113,6,326.86
2024-02-17,direct,855,822,254,2862,3.35,119.94,0.4076,0.0348,28,1590.28
2024-02-17,email,417,364,118,1826,4.38,170.48,0.1651,0.0362,13,783.81
2024-02-17,organic,1416,1266,418,6478,4.58,115.64,0.3103,0.0153,19,1004.45
2024-02-17,paid_search,642,533,169,2529,3.94,121.31,0.2599,0.0634,33,1623.27
2024-02-17,referral,222,206,67,647,2.92,139.08,0.2203,0.0187,3,150.73
2024-02-17,social,580,463,157,1534,2.64,114.63,0.2456,0.0096,4,234.75
2024-02-18,direct,811,648,217,2998,3.7,44.65,0.6634,0.0018,1,50.63
2024-02-18,email,431,367,115,1870,4.34,139.88,0.141,0.0263,9,374.14
2024-02-18,organic,1518,1290,437,5700,3.76,125.38,0.1881,0.0077,9,387.17
2024-02-18,paid_search,594,487,153,2077,3.5,36.26,0.7709,0.0382,18,708.37
2024-02-18,referral,224,162,54,624,2.79,118.95,0.4093,0.0092,1,47.94
2024-02-18,social,616,535,173,1648,2.68,118.89,0.2953,0.0147,7,386.15
2024-02-19,direct,1124,842,296,3706,3.3,84.43,0.5347,0.0173,14,640.48
2024-02-19,email,574,452,148,2322,4.05,131.62,0.3063,0.0225,10,372.34
2024-02-19,organic,2069,1731,563,9724,4.7,134.73,0.2521,0.0323,55,3127.96
2024-02-19,paid_search,884,725,223,3433,3.88,97.78,0.4883,0.0315,22,1028.93
2024-02-19,referral,308,246,84,813,2.64,120.28,0.1972,0.0181,4,224.91
2024-02-19,social,930,675,226,2714,2.92,96.74,0.5073,0.0077,5,263.24
2024-02-20,direct,1023,702,238,3431,3.35,93.68,0.2954,0.0135,9,324.44
2024-02-20,email,512,396,131,2324,4.54,110.11,0.2164,0.0561,22,779.79
2024-02-20,organic,1880,1415,454,8283,4.41,128.52,0.1613,0.0272,38,1701.77
2024-02-20,paid_search,829,657,235,3221,3.89,119.62,0.1936,0.0146,9,410.87
2024-02-20,referral,223,152,53,586,2.63,93.12,0.3082,0.0107,1,78.09
2024-02-20,social,744,514,167,1893,2.55,130.76,0.1943,0.0222,11,885.87
2024-02-21,anomaly,9602,9284,3075,25981,2.71,143.18,0.3236,0.0189,175,394.1
2024-02-21,direct,1094,1005,348,3958,3.62,149.49,0.0809,0.0104,10,544.33
2024-02-21,email,578,532,179,2421,4.19,90.09,0.2376,0.0155,8,362.96
2024-02-21,organic,1890,1698,598,6101,3.23,87.93,0.5104,0.0066,11,373.93
2024-02-21,paid_search,799,735,215,3085,3.86,146.8,0.1077,0.0398,29,1585.2
2024-02-21,referral,281,263,90,760,2.71,143.18,0.3236,0.0189,4,224.42
2024-02-21,social,826,788,251,1965,2.38,103.93,0.372,0.025,19,1026.11
2024-02-22,direct,935,724,247,3188,3.41,142.4,0.2607,0.0169,12,649.65
2024-02-22,email,498,339,118,2571,5.16,171.6,0.216,0.0578,19,1168.88
2024-02-22,organic,1634,1165,397,7592,4.65,62.53,0.5481,0.0469,54,2611.9
2024-02-22,paid_search,698,510,177,2610,3.74,181.03,0.0672,0.0153,7,418.22
2024-02-22,referral,227,183,60,654,2.88,89.61,0.3998,0.0096,1,47.61
2024-02-22,social,703,538,193,1738,2.47,201.23,0.1181,0.0177,9,587.12
2024-02-23,direct,932,751,257,2652,2.85,204.12,0.1958,0.0372,27,1296.55
2024-02-23,email,415,333,111,2067,4.98,166.25,0.0856,0.0919,30,1243.28
2024-02-23,organic,1523,1224,397,6645,4.36,146.06,0.2584,0.0234,28,1301.64
2024-02-23,paid_search,680,643,191,2611,3.84,135.39,0.284,0.0376,24,947.06
2024-02-23,referral,197,177,54,536,2.72,207.4,0.0917,0.0175,3,119.48
2024-02-23,social,620,559,179,1563,2.52,116.04,0.3025,0.0069,3,127.1
2024-02-24,direct,783,692,233,2790,3.56,122.9,0.1984,0.0357,24,604.63
2024-02-24,email,433,421,138,1686,3.9,135.96,0.0474,0.0194,8,429.26
2024-02-24,organic,1412,1196,396,5093,3.61,162.07,0.1488,0.0434,51,1933.19
2024-02-24,paid_search,585,498,158,2155,3.68,111.81,0.1926,0.0352,17,880.19
2024-02-24,referral,199,183,63,654,3.29,151.07,0.2858,0.0233,4,204.56
2024-02-24,social,578,493,166,1530,2.65,111.37,0.2268,0.0178,8,470.71
2024-02-25,direct,756,625,217,2672,3.54,134.21,0.1383,0.0244,15,876.53
2024-02-25,email,402,305,98,1857,4.62,149.48,0.0909,0.0233,7,370.32
2024-02-25,organic,1382,1175,393,5435,3.93,151.22,0.2533,0.0238,27,1235.36
2024-02-25,paid_search,599,467,161,2407,4.02,115.93,0.4438,0.038,17,878.6
2024-02-25,referral,212,169,57,668,3.15,127.47,0.3355,0.0201,3,118.32
2024-02-25,social,621,558,180,1713,2.76,143.98,0.1201,0.0216,12,701.84
2024-02-26,direct,1263,1017,322,4411,3.49,120.86,0.4728,0.0213,21,697.62
2024-02-26,email,625,473,139,3059,4.89,142.47,0.1144,0.0541,25,1185.6
2024-02-26,organic,2121,1533,510,6619,3.12,152.5,0.3176,0.0182,27,915.71
2024-02-26,paid_search,916,691,228,3070,3.35,197.83,0.1207,0.023,15,631.6
2024-02-26,referral,286,261,84,830,2.91,121.52,0.1633,0.0184,4,182.44
2024-02-26,social,944,799,255,2129,2.26,170.63,0.1252,0.0129,10,574.32
2024-02-27,direct,1089,687,237,3808,3.5,146.87,0.2022,0.0374,25,1006.73
2024-02-27,email,562,422,124,2607,4.64,157.25,0.0438,0.0487,20,1072.3
2024-02-27,organic,1878,1314,455,7308,3.89,202.41,0.2173,0.0365,47,2318.47
2024-02-27,paid_search,820,549,179,3546,4.33,82.95,0.5425,0.023,12,457.57
2024-02-27,referral,255,155,47,663,2.6,96.04,0.5558,0.011,1,33.47
2024-02-27,social,808,532,178,2130,2.64,126.76,0.1654,0.0109,5,206.83
2024-02-28,direct,1027,779,266,3538,3.45,156.84,0.1309,0.007,5,235.26
2024-02-28,email,560,423,135,2211,3.95,62.09,0.3711,0.0491,20,1027.53
2024-02-28,organic,1709,1354,433,6332,3.71,85.65,0.5712,0.0238,32,1370.02
2024-02-28,paid_search,788,568,176,2892,3.67,144.77,0.3323,0.0254,14,846.69
2024-02-28,referral,246,174,59,571,2.32,116.33,0.0886,0.0135,2,115.22
2024-02-28,social,769,534,179,2323,3.02,109.93,0.5439,0.0139,7,366.31
2024-02-29,direct,1023,920,310,3588,3.51,193.31,0.1052,0.0431,39,1929.12
2024-02-29,email,491,426,136,2087,4.25,145.44,0.2482,0.0233,9,358.58
2024-02-29,organic,1807,1546,486,7186,3.98,127.01,0.3237,0.0457,70,4203.35
2024-02-29,paid_search,803,726,236,2868,3.57,161.77,0.1272,0.0538,39,1781.13
2024-02-29,referral,269,242,79,746,2.78,136.2,0.2103,0.0293,7,321.9
2024-02-29,social,786,714,230,1674,2.13,134.44,0.238,0.0164,11,653.05
2024-03-01,direct,890,593,189,3107,3.49,118.28,0.3297,0.0432,25,1471.96
2024-03-01,email,446,341,116,1686,3.78,167.04,0.0392,0.0229,7,249.65
2024-03-01,organic,1522,1158,373,7090,4.66,156.72,0.1668,0.0215,24,1023.11
2024-03-01,paid_search,651,480,159,2458,3.78,106.18,0.2363,0.0189,9,448.57
2024-03-01,referral,203,164,56,593,2.93,88.52,0.4063,0.0257,4,245.93
2024-03-01,social,621,483,164,1578,2.54,141.22,0.2762,0.0035,1,56.76
2024-03-02,direct,832,754,232,3349,4.03,130.72,0.0969,0.0124,9,458.46
2024-03-02,email,436,368,121,2039,4.68,142.93,0.1197,0.0323,11,527.94
2024-03-02,organic,1341,1166,383,5377,4.01,135.63,0.1883,0.0519,60,2730.34
2024-03-02,paid_search,607,517,163,2470,4.07,107.13,0.404,0.0448,23,1323.88
2024-03-02,referral,176,151,50,475,2.7,102.0,0.4047,0.006,0,0.0
2024-03-02,social,584,489,153,1607,2.75,118.49,0.364,0.0205,10,461.2
2024-03-03,direct,929,735,223,3219,3.47,168.69,0.1236,0.0524,38,2224.75
2024-03-03,email,428,416,128,1977,4.62,166.65,0.1014,0.0666,27,971.39
2024-03-03,organic,1588,1370,475,6358,4.0,143.18,0.1923,0.0288,39,2015.32
2024-03-03,paid_search,658,568,169,1905,2.9,203.53,0.0342,0.0414,23,1024.17
2024-03-03,referral,223,184,60,693,3.11,111.44,0.2063,0.0162,2,88.44
2024-03-03,social,667,514,164,1566,2.35,69.79,0.6023,0.0255,13,575.86
2024-03-04,direct,1178,970,295,4381,3.72,154.46,0.0484,0.0253,24,1198.03
2024-03-04,email,635,464,166,2944,4.64,205.2,0.0812,0.0488,22,1294.26
2024-03-04,organic,2020,1793,598,8452,4.18,131.54,0.1364,0.0494,88,5055.88
2024-03-04,paid_search,918,764,253,2710,2.95,169.34,0.2184,0.0299,22,911.1
2024-03-04,referral,295,240,77,919,3.12,94.09,0.5778,0.0114,2,111.11
2024-03-04,social,888,754,267,2543,2.86,104.89,0.1814,0.0146,11,403.2
2024-03-05,direct,1037,787,247,4009,3.87,128.37,0.2852,0.0161,12,524.64
2024-03-05,email,549,444,156,2776,5.06,86.34,0.403,0.0668,29,1470.89
2024-03-05,organic,1852,1484,455,7239,3.91,162.15,0.1439,0.0238,35,1889.06
2024-03-05,paid_search,774,599,203,3016,3.9,158.83,0.1583,0.0297,17,1141.79
2024-03-05,referral,246,201,60,873,3.55,133.58,0.3651,0.0234,4,213.29
2024-03-05,social,744,596,180,1865,2.51,135.58,0.291,0.0153,9,508.48
2024-03-06,direct,1017,819,281,3923,3.86,166.8,0.101,0.0373,30,1681.96
2024-03-06,email,500,382,128,1717,3.44,127.09,0.1735,0.025,9,409.18
2024-03-06,organic,1782,1333,456,7553,4.24,137.74,0.1915,0.0246,32,1313.25
2024-03-06,paid_search,752,577,182,3314,4.41,69.39,0.5074,0.0169,9,453.78
2024-03-06,referral,245,190,65,750,3.06,107.35,0.3729,0.0193,3,123.66
2024-03-06,social,802,625,199,2308,2.88,132.37,0.3261,0.0171,10,532.71
2024-03-07,direct,1104,789,221,3157,2.86,147.12,0.1903,0.0307,24,1438.87
2024-03-07,email,576,443,139,2571,4.46,131.76,0.3819,0.0237,10,400.6
2024-03-07,organic,1902,1357,426,7332,3.85,113.95,0.2629,0.0183,24,1656.68
2024-03-07,paid_search,787,601,200,2948,3.75,168.93,0.1417,0.0328,19,1114.1
2024-03-07,referral,271,198,66,875,3.23,102.2,0.2439,0.0231,4,134.06
2024-03-07,social,861,621,191,2436,2.83,98.99,0.2922,0.0301,18,1111.25
2024-03-08,direct,872,625,195,2605,2.99,95.69,0.4434,0.0183,11,810.44
2024-03-08,email,456,341,109,1833,4.02,129.14,0.0647,0.0459,15,981.81
2024-03-08,organic,1598,1234,388,6523,4.08,141.6,0.2206,0.0176,21,1642.77
2024-03-08,paid_search,688,572,188,2678,3.89,151.58,0.2718,0.0573,32,1982.33
2024-03-08,referral,250,192,62,797,3.19,108.94,0.3683,0.0164,3,141.83
2024-03-08,social,698,557,175,1392,1.99,65.3,0.6434,0.0254,14,729.7
2024-03-09,anomaly,6977,5837,1860,21804,3.12,63.0,0.5835,0.0233,136,326.3
2024-03-09,direct,770,667,237,2289,2.97,133.35,0.1314,0.0217,14,875.48
2024-03-09,email,401,344,111,1815,4.53,175.44,0.1081,0.0179,6,222.73
2024-03-09,organic,1348,1208,365,5822,4.32,153.8,0.1507,0.0279,33,1715.6
2024-03-09,paid_search,564,471,152,2104,3.73,157.15,0.3335,0.0522,24,1288.29
2024-03-09,referral,216,175,56,674,3.12,63.0,0.5835,0.0233,4,183.23
2024-03-09,social,619,486,161,1528,2.47,171.39,0.1358,0.0072,3,190.81
2024-03-10,direct,1005,784,257,3581,3.56,150.83,0.2741,0.0344,26,942.19
2024-03-10,email,419,346,107,1885,4.5,175.65,0.0612,0.033,11,670.4
2024-03-10,organic,1714,1364,402,6892,4.02,129.46,0.1966,0.0082,11,795.22
2024-03-10,paid_search,727,564,168,2594,3.57,142.21,0.3125,0.0321,18,727.59
2024-03-10,referral,235,193,62,737,3.14,87.09,0.5031,0.0082,1,57.09
2024-03-10,social,675,530,177,1536,2.28,78.48,0.498,0.018,9,458.62
2024-03-11,direct,1116,932,292,3892,3.49,108.22,0.3125,0.0145,13,669.69
2024-03-11,email,563,434,139,2588,4.6,185.54,0.0527,0.0582,25,1263.85
2024-03-11,organic,2002,1625,522,8274,4.13,161.41,0.18,0.039,63,3615.81
2024-03-11,paid_search,783,594,184,3108,3.97,152.93,0.1661,0.0111,6,247.77
2024-03-11,referral,283,233,77,792,2.8,109.03,0.3692,0.0361,8,410.13
2024-03-11,social,851,642,192,2147,2.52,126.39,0.1585,0.0134,8,400.51
2024-03-12,direct,1136,862,275,4083,3.59,122.44,0.2735,0.028,24,1419.78
2024-03-12,email,540,460,139,2166,4.01,138.76,0.1471,0.0358,16,656.72
2024-03-12,organic,1972,1700,537,7731,3.92,155.45,0.0863,0.0116,19,1199.83
2024-03-12,paid_search,839,737,234,3188,3.8,163.1,0.152,0.0332,24,1398.12
2024-03-12,referral,261,226,69,911,3.49,133.32,0.2601,0.0139,3,139.94
2024-03-12,social,841,688,207,2071,2.46,52.27,0.4768,0.0172,11,592.61
2024-03-13,direct,1121,862,289,3934,3.51,187.95,0.1501,0.0165,14,616.56
2024-03-13,email,533,367,123,1861,3.49,182.74,0.0838,0.0342,12,423.16
2024-03-13,organic,1957,1590,518,7181,3.67,94.36,0.4451,0.0229,36,1906.98
2024-03-13,paid_search,831,583,198,3363,4.05,90.35,0.4978,0.048,27,1570.02
2024-03-13,referral,286,198,60,839,2.94,122.36,0.202,0.0212,4,220.55
2024-03-13,social,841,581,165,2010,2.39,61.85,0.6058,0.0151,8,382.85
2024-03-14,direct,1044,823,277,3508,3.36,105.32,0.2074,0.0506,41,1887.48
2024-03-14,email,529,395,134,2686,5.08,199.92,0.1745,0.0126,4,155.07
2024-03-14,organic,1881,1503,504,6883,3.66,180.15,0.0907,0.0219,32,1628.3
2024-03-14,paid_search,771,584,179,3119,4.05,228.1,0.0639,0.0404,23,1252.24
2024-03-14,referral,235,183,50,691,2.94,124.86,0.4843,0.0136,2,102.55
2024-03-14,social,782,620,192,1767,2.26,101.2,0.4983,0.008,4,239.85
2024-03-15,direct,933,765,245,2871,3.08,160.83,0.2106,0.031,23,964.3
2024-03-15,email,400,332,104,1587,3.97,142.23,0.2001,0.0426,14,732.77
2024-03-15,organic,1664,1404,408,6491,3.9,136.75,0.3055,0.0341,47,2087.22
2024-03-15,paid_search,732,623,184,2301,3.14,165.98,0.0933,0.0282,17,811.32
2024-03-15,referral,221,192,63,754,3.41,112.8,0.4233,0.0164,3,147.71
2024-03-15,social,677,586,191,1741,2.57,42.97,0.7782,0.0122,7,405.96
2024-03-16,direct,774,631,195,2472,3.19,189.37,0.2322,0.0259,16,723.61
2024-03-16,email,381,328,94,1438,3.78,184.33,0.056,0.0245,8,349.93
2024-03-16,organic,1297,1109,363,5596,4.31,117.25,0.3259,0.0301,33,1835.81
2024-03-16,paid_search,567,558,173,2482,4.38,132.28,0.1953,0.0219,12,374.88
2024-03-16,referral,196,163,49,570,2.91,96.76,0.2134,0.0131,2,100.73
2024-03-16,social,568,508,163,1328,2.34,32.28,0.8232,0.0133,6,265.43
2024-03-17,direct,853,672,224,2859,3.35,145.74,0.1983,0.0374,25,1094.81
2024-03-17,email,418,303,86,1622,3.88,137.45,0.2989,0.021,6,373.62
2024-03-17,organic,1512,1247,414,6351,4.2,118.65,0.1996,0.036,44,1997.12
2024-03-17,paid_search,631,516,159,2367,3.75,156.21,0.1632,0.045,23,1142.8
2024-03-17,referral,214,164,46,623,2.92,112.53,0.0895,0.0237,3,154.73
2024-03-17,social,631,535,165,1430,2.27,132.83,0.3492,0.0146,7,356.87
2024-03-18,direct,1224,935,277,4945,4.04,141.38,0.207,0.0141,13,864.07
2024-03-18,email,668,472,147,2754,4.12,163.52,0.2661,0.0322,15,599.98
2024-03-18,organic,2220,1820,592,8717,3.93,156.83,0.2403,0.0297,53,3787.04
2024-03-18,paid_search,901,689,222,3814,4.23,132.99,0.2412,0.0316,21,1179.09
2024-03-18,referral,332,234,63,809,2.44,140.45,0.044,0.0127,2,119.47
2024-03-18,social,952,774,214,2636,2.77,175.31,0.1054,0.031,24,1214.13
2024-03-19,direct,1115,814,257,2993,2.68,140.85,0.2516,0.0179,14,481.51
2024-03-19,email,568,387,116,2378,4.19,138.7,0.2125,0.023,8,475.95
2024-03-19,organic,1999,1386,413,6761,3.38,79.18,0.4496,0.0391,54,2316.77
2024-03-19,paid_search,895,612,200,3349,3.74,167.81,0.1474,0.0214,13,590.32
2024-03-19,referral,303,197,58,1002,3.31,200.48,0.0346,0.0279,5,237.95
2024-03-19,social,881,622,200,1898,2.15,137.75,0.2454,0.0163,10,516.95
2024-03-20,direct,1105,926,282,3449,3.12,136.99,0.1639,0.0141,13,623.78
2024-03-20,email,512,429,132,2403,4.69,171.41,0.1844,0.0383,16,1048.28
2024-03-20,organic,1802,1588,485,7412,4.11,104.45,0.0332,0.0153,24,1019.68
2024-03-20,paid_search,808,640,183,3109,3.85,131.78,0.3739,0.0161,10,573.29
2024-03-20,referral,276,230,70,832,3.02,126.3,0.2321,0.0341,7,373.71
2024-03-20,social,779,689,212,1920,2.46,93.82,0.3082,0.034,23,1317.03
2024-03-21,direct,951,759,222,3329,3.5,231.73,0.1812,0.0207,15,729.18
2024-03-21,email,477,468,147,2272,4.76,183.85,0.1329,0.0326,15,1118.06
2024-03-21,organic,1755,1674,514,6416,3.66,103.48,0.3017,0.0326,54,3711.47
2024-03-21,paid_search,768,783,272,3077,4.01,109.21,0.3683,0.0466,36,1361.65
2024-03-21,referral,251,248,78,670,2.67,108.94,0.4402,0.028,6,387.78
2024-03-21,social,727,691,205,1523,2.1,133.36,0.1751,0.0068,4,192.55
2024-03-22,direct,899,738,217,3068,3.41,113.41,0.3673,0.0257,18,758.74
2024-03-22,email,430,312,102,1663,3.87,129.9,0.2679,0.04,12,528.97
2024-03-22,organic,1475,1229,386,5659,3.84,146.14,0.0848,0.033,40,1902.21
2024-03-22,paid_search,601,520,156,2196,3.66,86.57,0.2788,0.0284,14,660.56
2024-03-22,referral,190,150,47,705,3.71,129.9,0.2022,0.0206,3,130.27
2024-03-22,social,577,459,137,1360,2.36,113.19,0.2862,0.018,8,327.47
2024-03-23,direct,677,595,182,1898,2.8,79.92,0.5293,0.0136,8,362.64
2024-03-23,email,360,290,84,1687,4.69,143.29,0.1857,0.0169,4,225.08
2024-03-23,organic,1224,907,264,3577,2.92,145.36,0.2938,0.0355,32,1698.77
2024-03-23,paid_search,578,472,141,2116,3.66,144.07,0.1746,0.053,24,1111.22
2024-03-23,referral,179,136,36,555,3.1,130.75,0.1279,0.0287,3,135.53
2024-03-23,social,514,428,128,1204,2.34,95.32,0.4786,0.0116,4,239.58
2024-03-24,direct,813,705,233,2949,3.63,62.66,0.4663,0.0222,15,519.82
2024-03-24,email,445,366,117,2130,4.79,185.64,0.091,0.0463,16,509.34
2024-03-24,organic,1527,1236,381,4595,3.01,130.76,0.0746,0.0358,44,1906.31
2024-03-24,paid_search,648,592,180,2542,3.92,145.07,0.2403,0.0284,16,895.76
2024-03-24,referral,212,175,57,672,3.17,142.36,0.2699,0.0272,4,235.02
2024-03-24,social,636,568,175,1630,2.56,148.57,0.1842,0.0161,9,466.24
2024-03-25,direct,1267,924,265,4588,3.62,183.8,0.098,0.024,22,1286.74
2024-03-25,email,646,468,132,2710,4.2,128.91,0.2906,0.0188,8,388.44
2024-03-25,organic,2026,1497,464,5919,2.92,165.09,0.124,0.0477,71,4124.54
2024-03-25,paid_search,915,661,193,3516,3.84,161.07,0.1571,0.0288,19,1052.64
2024-03-25,referral,319,241,69,1035,3.25,174.16,0.1977,0.0144,3,154.2
2024-03-25,social,958,700,231,2455,2.56,101.08,0.4582,0.018,12,783.77
2024-03-26,direct,1226,958,285,3998,3.26,125.13,0.3753,0.0167,16,653.71
2024-03-26,email,577,456,146,2182,3.78,145.21,0.2941,0.0283,12,667.78
2024-03-26,organic,2154,1583,491,7982,3.71,133.81,0.2668,0.0264,41,2158.55
2024-03-26,paid_search,870,678,219,3208,3.69,91.33,0.3264,0.0198,13,741.53
2024-03-26,referral,271,202,62,647,2.39,118.21,0.4062,0.0325,6,428.17
2024-03-26,social,913,725,209,2107,2.31,183.26,0.0309,0.0085,6,246.53
2024-03-27,direct,1023,917,306,3546,3.47,81.1,0.628,0.0261,23,1466.85
2024-03-27,email,513,468,138,2222,4.33,154.85,0.161,0.0555,25,1577.79
2024-03-27,organic,1930,1901,569,8214,4.26,183.0,0.1274,0.019,36,2450.24
2024-03-27,paid_search,783,776,218,3275,4.18,126.92,0.1814,0.0245,18,821.09
2024-03-27,referral,255,240,71,800,3.14,78.06,0.2932,0.0091,2,69.25
2024-03-27,social,841,785,240,2126,2.53,171.16,0.2614,0.0147,11,343.56
2024-03-28,direct,888,715,215,2805,3.16,167.41,0.1053,0.0309,22,807.52
2024-03-28,email,454,366,114,1956,4.31,137.12,0.3194,0.0136,4,228.85
2024-03-28,organic,1645,1275,397,6759,4.11,178.18,0.1081,0.0359,45,2645.77
2024-03-28,paid_search,676,536,162,2409,3.56,113.8,0.3999,0.0433,23,1266.89
2024-03-28,referral,224,177,52,704,3.14,130.73,0.3605,0.034,6,436.96
2024-03-28,social,693,540,173,1425,2.06,129.11,0.2364,0.0212,11,495.08
2024-03-29,direct,910,697,199,3410,3.75,128.31,0.2824,0.0173,12,763.51
2024-03-29,email,489,403,135,2427,4.96,142.4,0.0541,0.07,28,1039.98
2024-03-29,organic,1691,1332,435,7918,4.68,151.69,0.1609,0.0473,63,3225.83
2024-03-29,paid_search,711,593,174,2674,3.76,87.07,0.2946,0.0178,10,583.72
2024-03-29,referral,222,172,49,709,3.2,113.82,0.2934,0.0266,4,173.67
2024-03-29,social,720,587,184,2057,2.86,141.01,0.1713,0.0256,15,571.97
2024-03-30,direct,748,605,189,2780,3.72,121.84,0.2227,0.0251,15,768.7
2024-03-30,email,359,261,81,1978,5.51,106.16,0.1232,0.0653,17,1016.76
2024-03-30,organic,1329,1034,328,5943,4.47,170.5,0.1421,0.0426,44,2419.57
2024-03-30,paid_search,566,445,135,1838,3.25,141.43,0.2627,0.0266,11,652.29
2024-03-30,referral,178,137,38,476,2.68,129.27,0.2954,0.0218,2,105.27
2024-03-30,social,516,388,126,1317,2.55,122.03,0.3508,0.0137,5,296.57
2024-03-31,direct,914,755,214,3259,3.57,155.83,0.196,0.0123,9,515.03
2024-03-31,email,440,369,108,2172,4.94,142.55,0.1461,0.0306,11,818.51
2024-03-31,organic,1526,1192,348,5939,3.89,100.83,0.5145,0.0137,16,819.91
2024-03-31,paid_search,664,554,157,2164,3.26,75.12,0.4793,0.0142,7,118.3
2024-03-31,referral,235,171,53,778,3.31,51.1,0.6618,0.0251,4,177.4
2024-03-31,social,633,470,139,1502,2.37,40.88,0.6416,0.0142,6,342.18
2024-04-01,direct,1482,1220,396,4654,3.14,112.48,0.4298,0.0132,16,666.11
2024-04-01,email,716,638,180,2952,4.12,184.38,0.0534,0.0481,30,1483.75
2024-04-01,organic,2506,2043,613,9204,3.67,172.55,0.1326,0.0473,96,5103.64
2024-04-01,paid_search,1117,963,294,3739,3.35,96.41,0.2736,0.0323,31,1687.56
2024-04-01,referral,373,299,83,1108,2.97,118.68,0.4085,0.0067,1,54.44
2024-04-01,social,1116,867,278,3212,2.88,56.79,0.6784,0.0181,15,1025.24
2024-04-02,direct,1126,860,254,3962,3.52,84.09,0.1606,0.0153,13,818.07
2024-04-02,email,592,498,155,2648,4.47,123.83,0.1731,0.0174,8,353.44
2024-04-02,organic,2027,1643,486,7315,3.61,175.12,0.0977,0.0156,25,1300.35
2024-04-02,paid_search,828,609,164,3015,3.64,120.68,0.0874,0.0294,17,796.03
2024-04-02,referral,286,209,60,768,2.69,187.17,0.0345,0.0362,7,256.46
2024-04-02,social,839,721,208,1704,2.03,102.41,0.4137,0.0106,7,386.4
2024-04-03,direct,1200,981,274,3420,2.85,101.63,0.2681,0.0187,18,864.0
2024-04-03,email,606,477,142,3173,5.24,234.41,0.1373,0.0723,34,2130.09
2024-04-03,organic,2038,1710,521,8700,4.27,171.04,0.0914,0.0339,58,2866.21
2024-04-03,paid_search,855,695,204,3819,4.47,145.2,0.1692,0.0341,23,1251.87
2024-04-03,referral,282,204,58,796,2.82,122.98,0.388,0.0249,5,269.45
2024-04-03,social,833,717,197,1904,2.29,143.45,0.1799,0.0098,7,480.19
2024-04-04,direct,1036,801,223,3511,3.39,122.79,0.1766,0.0414,33,1793.79
2024-04-04,email,541,381,121,2646,4.89,177.42,0.1561,0.0411,15,1029.33
2024-04-04,organic,1786,1520,461,6725,3.77,188.21,0.2022,0.0217,32,1402.23
2024-04-04,paid_search,753,561,173,3411,4.53,223.28,0.0488,0.0126,7,443.98
2024-04-04,referral,238,177,51,690,2.9,75.09,0.5742,0.0218,3,173.73
2024-04-04,social,763,538,166,1818,2.38,207.91,0.0708,0.0113,6,269.54
2024-04-05,direct,981,666,189,3440,3.51,124.51,0.2041,0.0216,14,683.78
2024-04-05,email,493,317,104,1977,4.01,162.65,0.0379,0.0293,9,610.21
2024-04-05,organic,1678,1197,395,6340,3.78,226.18,0.0542,0.043,51,3026.76
2024-04-05,paid_search,752,528,157,2967,3.95,209.22,0.1103,0.0534,28,1494.57
2024-04-05,referral,272,183,52,798,2.93,147.62,0.1977,0.0335,6,262.39
2024-04-05,social,717,537,153,1863,2.6,74.16,0.5873,0.0122,6,274.26
2024-04-06,direct,808,648,186,2416,2.99,105.79,0.2835,0.0209,13,694.11
2024-04-06,email,379,330,95,1597,4.21,145.61,0.2763,0.0557,18,434.46
2024-04-06,organic,1460,1171,357,5268,3.61,110.6,0.3298,0.0239,27,836.94
2024-04-06,paid_search,587,474,128,2354,4.01,133.25,0.2249,0.0262,12,602.76
2024-04-06,referral,226,182,54,556,2.46,134.41,0.2379,0.0468,8,275.23
2024-04-06,social,622,499,159,1621,2.61,134.41,0.2,0.01,5,251.64
2024-04-07,direct,895,636,185,2766,3.09,135.32,0.3081,0.0405,25,1231.03
2024-04-07,email,441,321,96,2148,4.87,162.27,0.1775,0.04,12,502.33
2024-04-07,organic,1482,1131,330,6556,4.42,69.33,0.57,0.023,25,1337.89
2024-04-07,paid_search,693,577,180,2447,3.53,168.96,0.0505,0.0278,16,850.58
2024-04-07,referral,214,179,50,673,3.15,70.81,0.5101,0.0294,5,251.64
2024-04-07,social,646,560,168,1647,2.55,98.43,0.3778,0.0167,9,537.8
2024-04-08,direct,1345,1145,332,4322,3.21,111.52,0.3187,0.018,20,1328.16
2024-04-08,email,654,520,147,3169,4.85,212.79,0.1065,0.0303,15,730.9
2024-04-08,organic,2231,1874,542,9078,4.07,121.71,0.0532,0.0329,61,2566.76
2024-04-08,paid_search,983,858,248,3916,3.98,137.11,0.2003,0.0351,30,1687.42
2024-04-08,referral,277,246,70,766,2.77,151.57,0.0859,0.0108,2,107.61
2024-04-08,social,951,877,259,2270,2.39,114.83,0.2194,0.0149,13,538.43
2024-04-09,direct,1167,919,253,3820,3.27,121.59,0.2987,0.0038,3,130.26
2024-04-09,email,602,489,130,2260,3.75,173.37,0.156,0.0416,20,974.18
2024-04-09,organic,2082,1600,497,7503,3.6,130.35,0.0734,0.0113,18,814.48
2024-04-09,paid_search,856,745,236,2959,3.46,72.2,0.476,0.0352,26,1317.55
2024-04-09,referral,311,266,75,960,3.09,150.15,0.2911,0.0269,7,447.06
2024-04-09,social,926,765,218,2168,2.34,132.11,0.2243,0.0136,10,413.23
2024-04-10,direct,1138,926,287,4300,3.78,156.66,0.1595,0.022,20,974.82
2024-04-10,email,591,429,124,2276,3.85,116.85,0.1429,0.0306,13,677.19
2024-04-10,organic,2104,1763,537,6962,3.31,168.33,0.1893,0.0124,21,1073.7
2024-04-10,paid_search,873,666,196,3257,3.73,158.09,0.1279,0.0204,13,670.76
2024-04-10,referral,275,193,54,902,3.28,57.78,0.6729,0.0184,3,130.92
2024-04-10,social,899,655,189,2379,2.65,73.37,0.4244,0.0171,11,446.58
2024-04-11,direct,1067,814,239,4022,3.77,109.4,0.4847,0.0041,3,245.98
2024-04-11,email,536,410,117,2370,4.42,128.74,0.1305,0.0608,24,1004.42
2024-04-11,organic,1867,1432,435,8888,4.76,144.52,0.1386,0.0337,48,1903.77
2024-04-11,paid_search,784,589,166,2735,3.49,126.2,0.3558,0.0467,27,1889.73
2024-04-11,referral,230,183,53,656,2.86,109.51,0.2422,0.0164,3,179.61
2024-04-11,social,776,646,198,1848,2.38,183.94,0.0127,0.0194,12,475.36
2024-04-12,direct,963,623,173,3077,3.2,198.65,0.0575,0.032,19,731.61
2024-04-12,email,480,324,98,2149,4.48,110.92,0.1267,0.0315,10,368.42
2024-04-12,organic,1712,1108,318,7088,4.14,87.42,0.4872,0.0364,40,1735.91
2024-04-12,paid_search,746,555,146,2537,3.4,145.63,0.2537,0.0224,12,463.71
2024-04-12,referral,248,187,52,794,3.2,132.74,0.3791,0.025,4,156.62
2024-04-12,social,743,510,147,1706,2.3,164.42,0.1218,0.0139,7,208.83
2024-04-13,direct,903,618,169,3247,3.6,174.25,0.1972,0.0157,9,397.85
2024-04-13,email,464,301,95,2231,4.81,147.96,0.1256,0.0543,16,819.74
2024-04-13,organic,1550,1051,287,5326,3.44,128.83,0.2434,0.0487,51,2202.34
2024-04-13,paid_search,674,465,140,2468,3.66,129.66,0.4417,0.0384,17,1007.92
2024-04-13,referral,210,164,46,726,3.46,180.39,0.0652,0.0069,1,52.72
2024-04-13,social,627,443,124,1477,2.36,147.73,0.3286,0.0225,9,440.5
2024-04-14,direct,831,672,191,3214,3.87,156.79,0.1448,0.0176,11,592.5
2024-04-14,email,410,312,93,2067,5.04,190.62,0.0717,0.0589,18,677.39
2024-04-14,organic,1495,1268,368,5345,3.58,176.42,0.0728,0.0127,16,699.47
2024-04-14,paid_search,635,500,148,2156,3.4,155.49,0.2083,0.0171,8,442.19
2024-04-14,referral,215,171,50,652,3.03,103.61,0.5357,0.0166,2,85.94
2024-04-14,social,594,464,127,1541,2.6,181.97,0.2113,0.0078,3,201.28
2024-04-15,direct,1153,944,280,3836,3.33,141.91,0.1607,0.0132,12,517.63
2024-04-15,email,612,523,151,2811,4.59,218.68,0.173,0.0321,16,656.68
2024-04-15,organic,2183,1702,515,9403,4.31,118.97,0.0575,0.0299,50,1776.39
2024-04-15,paid_search,889,788,238,3599,4.05,169.46,0.032,0.0196,15,783.18
2024-04-15,referral,286,243,70,1095,3.83,186.89,0.1076,0.0328,7,219.45
2024-04-15,social,958,853,233,2566,2.68,202.54,0.0843,0.0109,9,524.57
2024-04-16,direct,1221,974,292,3976,3.26,108.78,0.4119,0.0175,17,911.64
2024-04-16,email,689,531,161,3362,4.88,144.93,0.3363,0.0371,19,656.64
2024-04-16,organic,2149,1756,496,8136,3.79,129.52,0.2797,0.0505,88,5494.61
2024-04-16,paid_search,934,835,234,3318,3.55,142.14,0.2364,0.0168,13,614.47
2024-04-16,referral,334,267,83,1091,3.27,131.43,0.1397,0.0104,2,90.82
2024-04-16,social,938,731,198,2332,2.49,84.33,0.332,0.0119,8,404.92
2024-04-17,direct,1091,788,245,4106,3.76,65.56,0.5897,0.036,28,1464.94
2024-04-17,email,542,450,123,2477,4.57,128.39,0.3952,0.0354,15,998.48
2024-04-17,organic,1818,1464,426,6251,3.44,146.24,0.2674,0.0256,37,1072.56
2024-04-17,paid_search,782,631,184,2730,3.49,69.68,0.6257,0.0302,19,1010.53
2024-04-17,referral,256,216,56,847,3.31,102.82,0.3784,0.0224,4,185.31
2024-04-17,social,853,615,174,2008,2.35,174.2,0.0913,0.0147,9,469.98
2024-04-18,direct,967,709,207,3138,3.25,94.81,0.4686,0.0158,11,475.33
2024-04-18,email,469,325,92,2066,4.41,146.65,0.063,0.014,4,214.14
2024-04-18,organic,1723,1178,334,6908,4.01,109.08,0.43,0.0126,14,678.13
2024-04-18,paid_search,781,575,156,3367,4.31,160.35,0.2143,0.0134,7,335.42
2024-04-18,referral,240,180,52,721,3.01,120.14,0.4284,0.0053,0,0.0
2024-04-18,social,729,479,132,1859,2.55,143.6,0.2335,0.0148,7,524.31
2024-04-19,direct,1030,782,221,3502,3.4,112.02,0.2094,0.0196,15,678.72
2024-04-19,email,516,404,114,2561,4.96,144.94,0.1097,0.0454,18,893.02
2024-04-19,organic,1781,1430,414,7963,4.47,126.53,0.2971,0.0316,45,2604.63
2024-04-19,paid_search,800,627,185,3162,3.95,121.72,0.1904,0.0342,21,1357.47
2024-04-19,referral,228,186,50,687,3.01,169.09,0.0802,0.0067,1,50.13
2024-04-19,social,787,622,176,2345,2.98,115.19,0.227,0.0064,3,163.46
2024-04-20,direct,824,621,174,2922,3.55,158.77,0.2535,0.0154,9,370.44
2024-04-20,email,412,273,77,2133,5.18,86.1,0.4036,0.0206,5,257.99
2024-04-20,organic,1439,1097,279,5730,3.98,211.46,0.022,0.0267,29,1697.97
2024-04-20,paid_search,610,444,124,1950,3.2,181.36,0.0913,0.0631,28,1749.5
2024-04-20,referral,197,142,38,545,2.77,121.31,0.3613,0.0213,3,125.94
2024-04-20,social,635,446,125,1690,2.66,140.06,0.2993,0.0066,2,114.09
2024-04-21,direct,852,601,164,2873,3.37,81.62,0.4959,0.0288,17,1129.43
2024-04-21,email,430,306,90,1906,4.43,153.88,0.2003,0.0618,18,925.11
2024-04-21,organic,1560,1215,338,5632,3.61,150.05,0.1632,0.0088,10,481.32
2024-04-21,paid_search,630,442,137,2469,3.92,214.95,0.0908,0.0124,5,324.0
2024-04-21,referral,212,154,44,697,3.29,152.58,0.3603,0.0205,3,132.61
2024-04-21,social,689,530,148,1727,2.51,159.42,0.2985,0.0049,2,132.91
